기온,수도권 순수 기온반응도,수도권 시간 기온반응도,지방권 순수 기온반응도,지방권 시간 기온반응도,수도권 기온반응도,동남권 기온반응도,대경권 기온반응도,충청권 기온반응도,호남권 기온반응도
-20,1.11644,-0.02022,-1.71844,1.81408,0.1465,0.77177,0.45639,0.49034,0.5885
-19.9,1.11092,-0.01769,-1.69904,1.80363,0.14988,0.76866,0.4542,0.489,0.58655
-19.8,1.1055,-0.0152,-1.67966,1.79313,0.15322,0.76553,0.45201,0.48766,0.58458
-19.7,1.10017,-0.01275,-1.66029,1.78261,0.15652,0.7624,0.44982,0.48632,0.5826
-19.6,1.09494,-0.01034,-1.64095,1.77205,0.15978,0.75925,0.44762,0.48496,0.58061
-19.5,1.0898,-0.00797,-1.62162,1.76145,0.16299,0.7561,0.44542,0.4836,0.57861
-19.4,1.08476,-0.00564,-1.60231,1.75082,0.16617,0.75293,0.44322,0.48224,0.5766
-19.3,1.07981,-0.00336,-1.58302,1.74017,0.1693,0.74976,0.44101,0.48087,0.57458
-19.2,1.07495,-0.00111,-1.56375,1.72948,0.1724,0.74658,0.4388,0.4795,0.57255
-19.1,1.07019,0.00109,-1.54451,1.71876,0.17545,0.74339,0.43658,0.47812,0.57051
-19,1.06551,0.00326,-1.52529,1.70801,0.17846,0.74019,0.43437,0.47673,0.56846
-18.9,1.06093,0.00538,-1.50609,1.69723,0.18144,0.73698,0.43215,0.47534,0.5664
-18.8,1.05643,0.00747,-1.48693,1.68642,0.18437,0.73376,0.42992,0.47394,0.56433
-18.7,1.05203,0.00951,-1.46779,1.67559,0.18726,0.73053,0.42769,0.47254,0.56225
-18.6,1.04771,0.01151,-1.44868,1.66473,0.19011,0.72729,0.42547,0.47113,0.56016
-18.5,1.04349,0.01347,-1.4296,1.65384,0.19292,0.72405,0.42323,0.46971,0.55806
-18.4,1.03935,0.01539,-1.41055,1.64293,0.19568,0.72079,0.421,0.46829,0.55595
-18.3,1.03529,0.01726,-1.39153,1.63199,0.19841,0.71753,0.41876,0.46687,0.55383
-18.2,1.03132,0.0191,-1.37255,1.62103,0.2011,0.71426,0.41652,0.46543,0.5517
-18.1,1.02744,0.0209,-1.3536,1.61005,0.20374,0.71098,0.41428,0.464,0.54956
-18,1.02364,0.02265,-1.33469,1.59904,0.20635,0.70769,0.41203,0.46255,0.54741
-17.9,1.01993,0.02436,-1.31581,1.58802,0.20891,0.7044,0.40979,0.4611,0.54526
-17.8,1.0163,0.02604,-1.29697,1.57697,0.21143,0.70109,0.40754,0.45965,0.54309
-17.7,1.01275,0.02767,-1.27817,1.5659,0.21392,0.69778,0.40529,0.45819,0.54091
-17.6,1.00928,0.02926,-1.25941,1.55481,0.21636,0.69446,0.40304,0.45672,0.53872
-17.5,1.00589,0.03081,-1.24069,1.54371,0.21876,0.69114,0.40078,0.45525,0.53653
-17.4,1.00259,0.03232,-1.22201,1.53258,0.22112,0.6878,0.39852,0.45377,0.53432
-17.3,0.99936,0.03379,-1.20337,1.52144,0.22345,0.68446,0.39627,0.45229,0.53211
-17.2,0.99621,0.03521,-1.18478,1.51028,0.22573,0.68111,0.39401,0.4508,0.52988
-17.1,0.99314,0.0366,-1.16624,1.49911,0.22797,0.67776,0.39175,0.44931,0.52765
-17,0.99014,0.03795,-1.14774,1.48792,0.23017,0.67439,0.38948,0.44781,0.52541
-16.9,0.98722,0.03925,-1.12929,1.47672,0.23233,0.67102,0.38722,0.4463,0.52316
-16.8,0.98438,0.04052,-1.11089,1.46551,0.23445,0.66765,0.38496,0.44479,0.5209
-16.7,0.98161,0.04174,-1.09253,1.45428,0.23653,0.66427,0.38269,0.44327,0.51863
-16.6,0.97892,0.04292,-1.07423,1.44304,0.23857,0.66088,0.38042,0.44175,0.51635
-16.5,0.97629,0.04407,-1.05598,1.43179,0.24057,0.65748,0.37816,0.44022,0.51406
-16.4,0.97374,0.04517,-1.03778,1.42053,0.24254,0.65408,0.37589,0.43868,0.51177
-16.3,0.97127,0.04623,-1.01964,1.40926,0.24446,0.65067,0.37362,0.43714,0.50946
-16.2,0.96886,0.04726,-1.00155,1.39798,0.24634,0.64726,0.37135,0.4356,0.50715
-16.1,0.96652,0.04824,-0.98352,1.38669,0.24818,0.64384,0.36908,0.43404,0.50483
-16,0.96425,0.04918,-0.96554,1.3754,0.24999,0.64041,0.36681,0.43249,0.5025
-15.9,0.96205,0.05008,-0.94763,1.3641,0.25175,0.63698,0.36454,0.43092,0.50017
-15.8,0.95991,0.05095,-0.92977,1.35279,0.25348,0.63354,0.36227,0.42936,0.49782
-15.7,0.95784,0.05177,-0.91197,1.34148,0.25516,0.6301,0.35999,0.42778,0.49547
-15.6,0.95584,0.05255,-0.89423,1.33017,0.25681,0.62665,0.35772,0.4262,0.49311
-15.5,0.9539,0.0533,-0.87656,1.31885,0.25842,0.6232,0.35545,0.42462,0.49074
-15.4,0.95203,0.054,-0.85894,1.30753,0.25999,0.61974,0.35318,0.42303,0.48836
-15.3,0.95022,0.05467,-0.8414,1.29621,0.26152,0.61628,0.35091,0.42143,0.48598
-15.2,0.94847,0.05529,-0.82392,1.28488,0.26301,0.61281,0.34864,0.41983,0.48358
-15.1,0.94678,0.05588,-0.8065,1.27356,0.26446,0.60934,0.34637,0.41822,0.48118
-15,0.94515,0.05643,-0.78915,1.26224,0.26588,0.60587,0.3441,0.41661,0.47877
-14.9,0.94358,0.05694,-0.77187,1.25092,0.26726,0.60238,0.34183,0.41499,0.47636
-14.8,0.94207,0.05741,-0.75466,1.2396,0.2686,0.5989,0.33956,0.41336,0.47394
-14.7,0.94062,0.05785,-0.73752,1.22828,0.2699,0.59541,0.3373,0.41173,0.47151
-14.6,0.93922,0.05824,-0.72045,1.21697,0.27116,0.59192,0.33503,0.4101,0.46907
-14.5,0.93788,0.0586,-0.70345,1.20566,0.27239,0.58842,0.33277,0.40846,0.46662
-14.4,0.9366,0.05892,-0.68653,1.19436,0.27358,0.58492,0.3305,0.40681,0.46417
-14.3,0.93537,0.0592,-0.66968,1.18306,0.27473,0.58142,0.32824,0.40516,0.46171
-14.2,0.93419,0.05944,-0.6529,1.17177,0.27584,0.57791,0.32598,0.40351,0.45925
-14.1,0.93306,0.05965,-0.6362,1.16049,0.27692,0.5744,0.32372,0.40184,0.45678
-14,0.93199,0.05982,-0.61958,1.14921,0.27796,0.57089,0.32146,0.40018,0.4543
-13.9,0.93096,0.05995,-0.60304,1.13795,0.27896,0.56737,0.3192,0.3985,0.45181
-13.8,0.92999,0.06005,-0.58657,1.12669,0.27993,0.56385,0.31695,0.39683,0.44932
-13.7,0.92906,0.06011,-0.57019,1.11545,0.28086,0.56033,0.31469,0.39514,0.44682
-13.6,0.92819,0.06013,-0.55388,1.10422,0.28175,0.55681,0.31244,0.39345,0.44432
-13.5,0.92735,0.06012,-0.53766,1.09299,0.28261,0.55328,0.31019,0.39176,0.44181
-13.4,0.92657,0.06007,-0.52152,1.08179,0.28343,0.54975,0.30794,0.39006,0.43929
-13.3,0.92583,0.05998,-0.50546,1.07059,0.28421,0.54622,0.3057,0.38836,0.43677
-13.2,0.92513,0.05986,-0.48949,1.05941,0.28496,0.54269,0.30346,0.38665,0.43424
-13.1,0.92448,0.0597,-0.4736,1.04825,0.28567,0.53915,0.30122,0.38493,0.43171
-13,0.92387,0.05951,-0.4578,1.0371,0.28635,0.53561,0.29898,0.38322,0.42917
-12.9,0.9233,0.05929,-0.44208,1.02597,0.287,0.53208,0.29674,0.38149,0.42662
-12.8,0.92277,0.05902,-0.42646,1.01485,0.2876,0.52854,0.29451,0.37976,0.42407
-12.7,0.92228,0.05873,-0.41092,1.00376,0.28818,0.52499,0.29228,0.37803,0.42151
-12.6,0.92183,0.0584,-0.39547,0.99268,0.28871,0.52145,0.29005,0.37629,0.41895
-12.5,0.92142,0.05803,-0.38011,0.98162,0.28922,0.51791,0.28782,0.37454,0.41638
-12.4,0.92104,0.05764,-0.36485,0.97059,0.28969,0.51436,0.2856,0.3728,0.41381
-12.3,0.9207,0.05721,-0.34967,0.95957,0.29012,0.51082,0.28338,0.37104,0.41123
-12.2,0.92039,0.05674,-0.33459,0.94858,0.29052,0.50727,0.28117,0.36928,0.40865
-12.1,0.92012,0.05624,-0.3196,0.93761,0.29089,0.50373,0.27896,0.36752,0.40606
-12,0.91988,0.05571,-0.30471,0.92666,0.29122,0.50018,0.27675,0.36575,0.40347
-11.9,0.91967,0.05515,-0.28991,0.91574,0.29152,0.49663,0.27454,0.36398,0.40087
-11.8,0.91949,0.05456,-0.2752,0.90484,0.29179,0.49309,0.27234,0.3622,0.39827
-11.7,0.91935,0.05393,-0.2606,0.89397,0.29202,0.48954,0.27014,0.36042,0.39567
-11.6,0.91923,0.05327,-0.24609,0.88312,0.29222,0.486,0.26795,0.35863,0.39306
-11.5,0.91914,0.05258,-0.23168,0.8723,0.29239,0.48245,0.26576,0.35684,0.39044
-11.4,0.91908,0.05186,-0.21737,0.86151,0.29253,0.4789,0.26357,0.35504,0.38782
-11.3,0.91904,0.05111,-0.20316,0.85075,0.29263,0.47536,0.26139,0.35324,0.3852
-11.2,0.91903,0.05032,-0.18905,0.84001,0.2927,0.47181,0.25921,0.35143,0.38258
-11.1,0.91904,0.04951,-0.17504,0.82931,0.29274,0.46827,0.25703,0.34962,0.37995
-11,0.91908,0.04867,-0.16113,0.81864,0.29275,0.46473,0.25486,0.34781,0.37731
-10.9,0.91914,0.0478,-0.14733,0.808,0.29273,0.46119,0.25269,0.34599,0.37468
-10.8,0.91922,0.04689,-0.13363,0.79739,0.29267,0.45765,0.25053,0.34417,0.37204
-10.7,0.91932,0.04596,-0.12003,0.78681,0.29259,0.45411,0.24837,0.34234,0.36939
-10.6,0.91944,0.045,-0.10654,0.77627,0.29247,0.45058,0.24622,0.34051,0.36674
-10.5,0.91958,0.04401,-0.09315,0.76576,0.29232,0.44704,0.24407,0.33867,0.36409
-10.4,0.91974,0.043,-0.07987,0.75529,0.29215,0.44351,0.24193,0.33683,0.36144
-10.3,0.91992,0.04195,-0.0667,0.74485,0.29194,0.43998,0.23979,0.33499,0.35879
-10.2,0.92011,0.04088,-0.05363,0.73445,0.2917,0.43645,0.23766,0.33314,0.35613
-10.1,0.92032,0.03978,-0.04067,0.72408,0.29143,0.43292,0.23553,0.33129,0.35347
-10,0.92054,0.03865,-0.02782,0.71375,0.29114,0.4294,0.2334,0.32943,0.3508
-9.9,0.92077,0.0375,-0.01508,0.70346,0.29081,0.42588,0.23128,0.32757,0.34813
-9.8,0.92102,0.03632,-0.00245,0.69321,0.29046,0.42236,0.22917,0.32571,0.34547
-9.7,0.92127,0.03512,0.01007,0.683,0.29007,0.41884,0.22706,0.32384,0.34279
-9.6,0.92154,0.03389,0.02247,0.67283,0.28966,0.41533,0.22496,0.32197,0.34012
-9.5,0.92182,0.03263,0.03477,0.6627,0.28922,0.41182,0.22286,0.32009,0.33745
-9.4,0.9221,0.03135,0.04696,0.65261,0.28875,0.40832,0.22077,0.31821,0.33477
-9.3,0.9224,0.03004,0.05903,0.64257,0.28826,0.40481,0.21868,0.31633,0.33209
-9.2,0.9227,0.02871,0.07099,0.63256,0.28773,0.40132,0.2166,0.31444,0.32941
-9.1,0.923,0.02736,0.08283,0.6226,0.28718,0.39782,0.21452,0.31255,0.32673
-9,0.92331,0.02598,0.09456,0.61269,0.2866,0.39433,0.21245,0.31066,0.32405
-8.9,0.92363,0.02458,0.10618,0.60282,0.286,0.39084,0.21039,0.30876,0.32136
-8.8,0.92395,0.02316,0.11768,0.59299,0.28537,0.38736,0.20833,0.30686,0.31867
-8.7,0.92427,0.02171,0.12906,0.58321,0.28471,0.38388,0.20628,0.30495,0.31599
-8.6,0.92459,0.02025,0.14033,0.57348,0.28402,0.3804,0.20424,0.30304,0.3133
-8.5,0.92491,0.01876,0.15148,0.56379,0.28331,0.37693,0.2022,0.30113,0.31061
-8.4,0.92523,0.01725,0.16251,0.55415,0.28258,0.37347,0.20016,0.29922,0.30792
-8.3,0.92555,0.01571,0.17343,0.54456,0.28182,0.37001,0.19814,0.2973,0.30523
-8.2,0.92587,0.01416,0.18422,0.53502,0.28103,0.36655,0.19612,0.29538,0.30254
-8.1,0.92618,0.01259,0.1949,0.52553,0.28022,0.3631,0.1941,0.29345,0.29985
-8,0.9265,0.011,0.20546,0.51609,0.27938,0.35965,0.19209,0.29153,0.29716
-7.9,0.9268,0.00938,0.2159,0.50669,0.27852,0.35621,0.19009,0.2896,0.29447
-7.8,0.9271,0.00775,0.22622,0.49735,0.27764,0.35278,0.1881,0.28766,0.29178
-7.7,0.92739,0.0061,0.23642,0.48806,0.27673,0.34935,0.18611,0.28573,0.28908
-7.6,0.92768,0.00443,0.2465,0.47883,0.2758,0.34593,0.18413,0.28379,0.28639
-7.5,0.92796,0.00275,0.25646,0.46964,0.27484,0.34251,0.18216,0.28185,0.2837
-7.4,0.92823,0.00104,0.2663,0.46051,0.27386,0.33909,0.18019,0.2799,0.28101
-7.3,0.92848,-0.00068,0.27601,0.45144,0.27286,0.33569,0.17823,0.27795,0.27832
-7.2,0.92873,-0.00242,0.28561,0.44242,0.27184,0.33229,0.17627,0.276,0.27563
-7.1,0.92897,-0.00417,0.29508,0.43345,0.27079,0.32889,0.17433,0.27405,0.27294
-7,0.92919,-0.00594,0.30443,0.42454,0.26972,0.32551,0.17239,0.27209,0.27026
-6.9,0.9294,-0.00773,0.31365,0.41568,0.26863,0.32213,0.17046,0.27014,0.26757
-6.8,0.92959,-0.00953,0.32275,0.40688,0.26752,0.31875,0.16853,0.26818,0.26488
-6.7,0.92977,-0.01134,0.33173,0.39814,0.26639,0.31539,0.16662,0.26621,0.2622
-6.6,0.92993,-0.01318,0.34059,0.38946,0.26524,0.31202,0.16471,0.26425,0.25951
-6.5,0.93008,-0.01502,0.34932,0.38083,0.26406,0.30867,0.1628,0.26228,0.25683
-6.4,0.93021,-0.01688,0.35793,0.37226,0.26287,0.30533,0.16091,0.26031,0.25415
-6.3,0.93032,-0.01875,0.36641,0.36375,0.26165,0.30199,0.15902,0.25834,0.25147
-6.2,0.93041,-0.02063,0.37476,0.3553,0.26042,0.29865,0.15714,0.25636,0.2488
-6.1,0.93048,-0.02253,0.383,0.34691,0.25916,0.29533,0.15527,0.25439,0.24612
-6,0.93053,-0.02444,0.3911,0.33858,0.25789,0.29201,0.1534,0.25241,0.24345
-5.9,0.93056,-0.02636,0.39909,0.33031,0.2566,0.2887,0.15155,0.25043,0.24078
-5.8,0.93057,-0.02829,0.40694,0.32211,0.25529,0.2854,0.1497,0.24845,0.23811
-5.7,0.93055,-0.03023,0.41467,0.31396,0.25395,0.28211,0.14786,0.24646,0.23544
-5.6,0.93051,-0.03219,0.42228,0.30588,0.25261,0.27883,0.14602,0.24448,0.23278
-5.5,0.93045,-0.03415,0.42976,0.29785,0.25124,0.27555,0.1442,0.24249,0.23012
-5.4,0.93035,-0.03612,0.43711,0.2899,0.24986,0.27228,0.14238,0.2405,0.22746
-5.3,0.93024,-0.0381,0.44434,0.282,0.24845,0.26902,0.14057,0.23851,0.22481
-5.2,0.93009,-0.04009,0.45144,0.27417,0.24703,0.26577,0.13877,0.23652,0.22215
-5.1,0.92992,-0.04209,0.45841,0.2664,0.2456,0.26253,0.13698,0.23453,0.2195
-5,0.92972,-0.0441,0.46526,0.2587,0.24415,0.25929,0.13519,0.23253,0.21686
-4.9,0.92949,-0.04611,0.47198,0.25106,0.24268,0.25607,0.13341,0.23053,0.21421
-4.8,0.92923,-0.04813,0.47858,0.24349,0.24119,0.25285,0.13165,0.22854,0.21157
-4.7,0.92894,-0.05016,0.48504,0.23598,0.23969,0.24964,0.12989,0.22654,0.20894
-4.6,0.92862,-0.05219,0.49139,0.22854,0.23818,0.24644,0.12813,0.22454,0.2063
-4.5,0.92826,-0.05423,0.4976,0.22116,0.23664,0.24326,0.12639,0.22253,0.20367
-4.4,0.92788,-0.05627,0.50369,0.21385,0.2351,0.24008,0.12466,0.22053,0.20105
-4.3,0.92746,-0.05832,0.50965,0.20661,0.23354,0.23691,0.12293,0.21853,0.19843
-4.2,0.927,-0.06038,0.51548,0.19944,0.23196,0.23374,0.12121,0.21652,0.19581
-4.1,0.92651,-0.06243,0.52119,0.19233,0.23037,0.23059,0.1195,0.21452,0.1932
-4,0.92599,-0.0645,0.52677,0.18529,0.22877,0.22745,0.1178,0.21251,0.19059
-3.9,0.92543,-0.06656,0.53223,0.17832,0.22715,0.22432,0.11611,0.2105,0.18798
-3.8,0.92483,-0.06863,0.53756,0.17142,0.22552,0.2212,0.11442,0.2085,0.18538
-3.7,0.92419,-0.0707,0.54276,0.16459,0.22388,0.21809,0.11275,0.20649,0.18278
-3.6,0.92352,-0.07277,0.54784,0.15782,0.22222,0.21499,0.11108,0.20448,0.18019
-3.5,0.92281,-0.07484,0.55278,0.15113,0.22055,0.2119,0.10942,0.20247,0.17761
-3.4,0.92206,-0.07691,0.55761,0.1445,0.21887,0.20881,0.10777,0.20046,0.17502
-3.3,0.92127,-0.07899,0.56231,0.13795,0.21717,0.20574,0.10613,0.19845,0.17245
-3.2,0.92043,-0.08106,0.56688,0.13146,0.21547,0.20268,0.1045,0.19644,0.16988
-3.1,0.91956,-0.08314,0.57132,0.12505,0.21375,0.19963,0.10288,0.19442,0.16731
-3,0.91864,-0.08521,0.57564,0.1187,0.21203,0.1966,0.10126,0.19241,0.16475
-2.9,0.91768,-0.08728,0.57984,0.11243,0.21029,0.19357,0.09966,0.1904,0.16219
-2.8,0.91668,-0.08935,0.58391,0.10623,0.20854,0.19055,0.09806,0.18839,0.15964
-2.7,0.91564,-0.09142,0.58785,0.1001,0.20678,0.18754,0.09647,0.18638,0.15709
-2.6,0.91455,-0.09349,0.59167,0.09404,0.20501,0.18455,0.0949,0.18436,0.15455
-2.5,0.91341,-0.09555,0.59536,0.08805,0.20323,0.18156,0.09333,0.18235,0.15202
-2.4,0.91223,-0.09761,0.59893,0.08214,0.20144,0.17859,0.09176,0.18034,0.14949
-2.3,0.91101,-0.09967,0.60238,0.07629,0.19964,0.17563,0.09021,0.17833,0.14697
-2.2,0.90974,-0.10172,0.6057,0.07052,0.19784,0.17268,0.08867,0.17631,0.14445
-2.1,0.90842,-0.10377,0.6089,0.06483,0.19602,0.16974,0.08714,0.1743,0.14195
-2,0.90705,-0.10581,0.61197,0.0592,0.1942,0.16681,0.08561,0.17229,0.13944
-1.9,0.90564,-0.10785,0.61493,0.05365,0.19236,0.16389,0.0841,0.17028,0.13694
-1.8,0.90418,-0.10988,0.61776,0.04817,0.19052,0.16099,0.08259,0.16827,0.13445
-1.7,0.90266,-0.1119,0.62046,0.04276,0.18867,0.1581,0.08109,0.16626,0.13197
-1.6,0.9011,-0.11392,0.62305,0.03742,0.18682,0.15522,0.0796,0.16425,0.12949
-1.5,0.89949,-0.11593,0.62551,0.03216,0.18496,0.15235,0.07812,0.16224,0.12702
-1.4,0.89783,-0.11794,0.62785,0.02698,0.18309,0.14949,0.07665,0.16023,0.12456
-1.3,0.89612,-0.11993,0.63007,0.02186,0.18121,0.14664,0.07519,0.15823,0.1221
-1.2,0.89435,-0.12192,0.63217,0.01682,0.17933,0.14381,0.07374,0.15622,0.11965
-1.1,0.89254,-0.1239,0.63414,0.01186,0.17744,0.14099,0.0723,0.15421,0.1172
-1,0.89067,-0.12587,0.636,0.00696,0.17555,0.13818,0.07086,0.15221,0.11477
-0.9,0.88875,-0.12783,0.63774,0.00214,0.17365,0.13538,0.06944,0.15021,0.11234
-0.8,0.88677,-0.12978,0.63936,-0.0026,0.17174,0.13259,0.06802,0.1482,0.10992
-0.7,0.88474,-0.13172,0.64086,-0.00727,0.16983,0.12982,0.06662,0.1462,0.1075
-0.6,0.88266,-0.13365,0.64224,-0.01187,0.16792,0.12706,0.06522,0.1442,0.10509
-0.5,0.88053,-0.13556,0.6435,-0.01639,0.166,0.12431,0.06383,0.1422,0.10269
-0.4,0.87834,-0.13747,0.64464,-0.02084,0.16407,0.12158,0.06245,0.1402,0.1003
-0.3,0.87609,-0.13936,0.64567,-0.02522,0.16215,0.11885,0.06108,0.13821,0.09792
-0.2,0.87379,-0.14124,0.64658,-0.02952,0.16021,0.11614,0.05972,0.13621,0.09554
-0.1,0.87143,-0.14311,0.64738,-0.03374,0.15828,0.11344,0.05837,0.13422,0.09317
0,0.86902,-0.14497,0.64806,-0.0379,0.15634,0.11076,0.05702,0.13223,0.09081
0.1,0.86655,-0.14681,0.64862,-0.04198,0.1544,0.10809,0.05569,0.13024,0.08846
0.2,0.86402,-0.14863,0.64907,-0.04598,0.15245,0.10543,0.05437,0.12825,0.08612
0.3,0.86144,-0.15045,0.64941,-0.04991,0.15051,0.10278,0.05305,0.12626,0.08378
0.4,0.8588,-0.15224,0.64963,-0.05377,0.14856,0.10014,0.05174,0.12427,0.08145
0.5,0.8561,-0.15402,0.64973,-0.05755,0.14661,0.09752,0.05045,0.12229,0.07913
0.6,0.85334,-0.15579,0.64973,-0.06126,0.14465,0.09491,0.04916,0.12031,0.07682
0.7,0.85052,-0.15754,0.64961,-0.06489,0.1427,0.09232,0.04788,0.11833,0.07452
0.8,0.84765,-0.15927,0.64938,-0.06845,0.14074,0.08974,0.04661,0.11635,0.07223
0.9,0.84472,-0.16099,0.64904,-0.07194,0.13879,0.08717,0.04535,0.11437,0.06994
1,0.84172,-0.16269,0.64859,-0.07535,0.13683,0.08461,0.04409,0.1124,0.06766
1.1,0.83867,-0.16437,0.64804,-0.07869,0.13487,0.08207,0.04285,0.11043,0.0654
1.2,0.83556,-0.16603,0.64737,-0.08196,0.13291,0.07953,0.04162,0.10846,0.06314
1.3,0.83239,-0.16768,0.64659,-0.08515,0.13095,0.07702,0.04039,0.10649,0.06089
1.4,0.82916,-0.1693,0.6457,-0.08827,0.12899,0.07451,0.03917,0.10453,0.05865
1.5,0.82587,-0.17091,0.64471,-0.09132,0.12703,0.07202,0.03797,0.10256,0.05642
1.6,0.82251,-0.1725,0.64361,-0.0943,0.12508,0.06954,0.03677,0.1006,0.05419
1.7,0.8191,-0.17406,0.64241,-0.0972,0.12312,0.06708,0.03558,0.09865,0.05198
1.8,0.81563,-0.17561,0.6411,-0.10003,0.12116,0.06463,0.0344,0.09669,0.04977
1.9,0.81209,-0.17714,0.63968,-0.10278,0.11921,0.06219,0.03322,0.09474,0.04758
2,0.80849,-0.17864,0.63816,-0.10547,0.11725,0.05977,0.03206,0.09279,0.04539
2.1,0.80484,-0.18012,0.63654,-0.10808,0.1153,0.05735,0.03091,0.09084,0.04322
2.2,0.80112,-0.18159,0.63482,-0.11062,0.11335,0.05496,0.02976,0.08889,0.04105
2.3,0.79734,-0.18303,0.63299,-0.11308,0.1114,0.05257,0.02862,0.08695,0.03889
2.4,0.79349,-0.18444,0.63106,-0.11548,0.10946,0.0502,0.0275,0.08501,0.03674
2.5,0.78959,-0.18584,0.62904,-0.1178,0.10751,0.04784,0.02638,0.08308,0.03461
2.6,0.78562,-0.18721,0.62691,-0.12006,0.10557,0.0455,0.02526,0.08114,0.03248
2.7,0.78159,-0.18855,0.62468,-0.12224,0.10363,0.04316,0.02416,0.07921,0.03036
2.8,0.7775,-0.18988,0.62236,-0.12435,0.1017,0.04085,0.02307,0.07729,0.02825
2.9,0.77335,-0.19117,0.61993,-0.12639,0.09976,0.03854,0.02198,0.07536,0.02615
3,0.76913,-0.19245,0.61742,-0.12836,0.09784,0.03625,0.0209,0.07344,0.02406
3.1,0.76486,-0.1937,0.6148,-0.13026,0.09591,0.03397,0.01984,0.07152,0.02198
3.2,0.76051,-0.19492,0.61209,-0.1321,0.09399,0.03171,0.01878,0.06961,0.01991
3.3,0.75611,-0.19612,0.60929,-0.13386,0.09207,0.02946,0.01772,0.0677,0.01786
3.4,0.75165,-0.19729,0.60639,-0.13555,0.09016,0.02722,0.01668,0.06579,0.01581
3.5,0.74712,-0.19843,0.6034,-0.13717,0.08825,0.025,0.01564,0.06388,0.01377
3.6,0.74253,-0.19955,0.60032,-0.13873,0.08635,0.02279,0.01462,0.06198,0.01174
3.7,0.73788,-0.20065,0.59715,-0.14021,0.08445,0.02059,0.0136,0.06009,0.00972
3.8,0.73316,-0.20171,0.59388,-0.14163,0.08256,0.0184,0.01259,0.05819,0.00771
3.9,0.72838,-0.20275,0.59053,-0.14298,0.08067,0.01623,0.01159,0.0563,0.00571
4,0.72354,-0.20375,0.58709,-0.14426,0.07879,0.01408,0.01059,0.05441,0.00373
4.1,0.71864,-0.20474,0.58356,-0.14548,0.07691,0.01193,0.00961,0.05253,0.00175
4.2,0.71368,-0.20569,0.57995,-0.14663,0.07504,0.0098,0.00863,0.05065,-0.00022
4.3,0.70865,-0.20661,0.57625,-0.14771,0.07317,0.00769,0.00766,0.04878,-0.00217
4.4,0.70356,-0.2075,0.57246,-0.14873,0.07131,0.00558,0.00669,0.0469,-0.00412
4.5,0.69841,-0.20837,0.56859,-0.14968,0.06946,0.00349,0.00574,0.04504,-0.00605
4.6,0.6932,-0.2092,0.56464,-0.15056,0.06761,0.00141,0.00479,0.04317,-0.00798
4.7,0.68792,-0.21001,0.5606,-0.15138,0.06577,-0.00065,0.00385,0.04131,-0.00989
4.8,0.68258,-0.21078,0.55649,-0.15214,0.06393,-0.0027,0.00292,0.03945,-0.0118
4.9,0.67719,-0.21152,0.55229,-0.15283,0.06211,-0.00474,0.002,0.0376,-0.01369
5,0.67173,-0.21224,0.54801,-0.15346,0.06029,-0.00676,0.00108,0.03575,-0.01557
5.1,0.6662,-0.21292,0.54366,-0.15402,0.05847,-0.00878,0.00017,0.03391,-0.01744
5.2,0.66062,-0.21357,0.53922,-0.15452,0.05667,-0.01077,-0.00073,0.03207,-0.0193
5.3,0.65498,-0.21418,0.53471,-0.15496,0.05487,-0.01276,-0.00162,0.03023,-0.02115
5.4,0.64927,-0.21477,0.53013,-0.15534,0.05308,-0.01473,-0.00251,0.0284,-0.02299
5.5,0.64351,-0.21532,0.52547,-0.15565,0.0513,-0.01669,-0.00339,0.02658,-0.02482
5.6,0.63768,-0.21584,0.52073,-0.15591,0.04952,-0.01864,-0.00426,0.02475,-0.02664
5.7,0.6318,-0.21633,0.51593,-0.1561,0.04775,-0.02057,-0.00512,0.02293,-0.02844
5.8,0.62585,-0.21679,0.51105,-0.15623,0.046,-0.02249,-0.00598,0.02112,-0.03024
5.9,0.61984,-0.21721,0.5061,-0.1563,0.04425,-0.0244,-0.00683,0.01931,-0.03203
6,0.61378,-0.2176,0.50108,-0.15631,0.0425,-0.02629,-0.00767,0.0175,-0.0338
6.1,0.60765,-0.21795,0.49599,-0.15626,0.04077,-0.02817,-0.00851,0.0157,-0.03556
6.2,0.60147,-0.21827,0.49083,-0.15616,0.03905,-0.03004,-0.00934,0.01391,-0.03731
6.3,0.59523,-0.21856,0.4856,-0.15599,0.03733,-0.0319,-0.01016,0.01212,-0.03906
6.4,0.58892,-0.21881,0.48031,-0.15577,0.03562,-0.03374,-0.01098,0.01033,-0.04079
6.5,0.58256,-0.21903,0.47496,-0.15549,0.03393,-0.03557,-0.01178,0.00855,-0.04251
6.6,0.57614,-0.21921,0.46954,-0.15516,0.03224,-0.03739,-0.01259,0.00677,-0.04421
6.7,0.56967,-0.21935,0.46406,-0.15477,0.03056,-0.0392,-0.01338,0.005,-0.04591
6.8,0.56313,-0.21946,0.45851,-0.15432,0.02889,-0.04099,-0.01417,0.00323,-0.0476
6.9,0.55654,-0.21954,0.45291,-0.15382,0.02723,-0.04277,-0.01495,0.00146,-0.04927
7,0.5499,-0.21958,0.44724,-0.15326,0.02558,-0.04454,-0.01573,-0.0003,-0.05094
7.1,0.54319,-0.21958,0.44152,-0.15265,0.02394,-0.04629,-0.0165,-0.00205,-0.05259
7.2,0.53643,-0.21955,0.43574,-0.15198,0.02231,-0.04804,-0.01726,-0.0038,-0.05424
7.3,0.52961,-0.21948,0.4299,-0.15126,0.02069,-0.04977,-0.01802,-0.00554,-0.05587
7.4,0.52274,-0.21937,0.424,-0.15049,0.01907,-0.05149,-0.01877,-0.00728,-0.05749
7.5,0.51582,-0.21923,0.41806,-0.14967,0.01747,-0.0532,-0.01952,-0.00902,-0.0591
7.6,0.50883,-0.21905,0.41205,-0.14879,0.01588,-0.05489,-0.02026,-0.01075,-0.0607
7.7,0.5018,-0.21883,0.406,-0.14787,0.0143,-0.05657,-0.02099,-0.01247,-0.06228
7.8,0.49471,-0.21858,0.39989,-0.14689,0.01273,-0.05825,-0.02172,-0.01419,-0.06386
7.9,0.48756,-0.21828,0.39373,-0.14587,0.01117,-0.05991,-0.02244,-0.0159,-0.06543
8,0.48037,-0.21795,0.38753,-0.14479,0.00962,-0.06155,-0.02315,-0.01761,-0.06698
8.1,0.47312,-0.21759,0.38127,-0.14367,0.00809,-0.06319,-0.02387,-0.01931,-0.06853
8.2,0.46582,-0.21718,0.37497,-0.1425,0.00656,-0.06481,-0.02457,-0.02101,-0.07006
8.3,0.45846,-0.21674,0.36862,-0.14128,0.00504,-0.06643,-0.02527,-0.02271,-0.07158
8.4,0.45106,-0.21625,0.36223,-0.14002,0.00354,-0.06803,-0.02596,-0.0244,-0.07309
8.5,0.4436,-0.21573,0.35579,-0.13871,0.00204,-0.06962,-0.02665,-0.02608,-0.07459
8.6,0.4361,-0.21517,0.34931,-0.13735,0.00056,-0.0712,-0.02734,-0.02776,-0.07608
8.7,0.42854,-0.21457,0.34279,-0.13595,-0.00092,-0.07276,-0.02801,-0.02943,-0.07756
8.8,0.42094,-0.21393,0.33623,-0.1345,-0.00238,-0.07432,-0.02869,-0.0311,-0.07903
8.9,0.41328,-0.21326,0.32963,-0.13301,-0.00383,-0.07587,-0.02936,-0.03276,-0.08049
9,0.40558,-0.21254,0.32299,-0.13148,-0.00527,-0.0774,-0.03002,-0.03441,-0.08193
9.1,0.39783,-0.21179,0.31631,-0.1299,-0.0067,-0.07892,-0.03068,-0.03606,-0.08337
9.2,0.39003,-0.21099,0.3096,-0.12829,-0.00811,-0.08044,-0.03133,-0.03771,-0.08479
9.3,0.38218,-0.21016,0.30285,-0.12663,-0.00952,-0.08194,-0.03198,-0.03935,-0.08621
9.4,0.37429,-0.20928,0.29606,-0.12493,-0.01091,-0.08343,-0.03263,-0.04099,-0.08761
9.5,0.36635,-0.20837,0.28925,-0.12319,-0.0123,-0.08491,-0.03327,-0.04261,-0.089
9.6,0.35837,-0.20741,0.2824,-0.12141,-0.01367,-0.08638,-0.0339,-0.04424,-0.09039
9.7,0.35034,-0.20642,0.27552,-0.1196,-0.01503,-0.08784,-0.03453,-0.04586,-0.09176
9.8,0.34227,-0.20539,0.26861,-0.11774,-0.01638,-0.08928,-0.03516,-0.04747,-0.09312
9.9,0.33415,-0.20431,0.26167,-0.11585,-0.01771,-0.09072,-0.03579,-0.04908,-0.09447
10,0.32599,-0.2032,0.25471,-0.11393,-0.01904,-0.09215,-0.0364,-0.05068,-0.09581
10.1,0.31779,-0.20204,0.24772,-0.11196,-0.02035,-0.09357,-0.03702,-0.05228,-0.09714
10.2,0.30955,-0.20085,0.2407,-0.10996,-0.02166,-0.09498,-0.03763,-0.05387,-0.09846
10.3,0.30126,-0.19961,0.23366,-0.10793,-0.02295,-0.09638,-0.03824,-0.05545,-0.09977
10.4,0.29294,-0.19834,0.22659,-0.10586,-0.02423,-0.09776,-0.03884,-0.05703,-0.10106
10.5,0.28457,-0.19702,0.21951,-0.10376,-0.02549,-0.09914,-0.03944,-0.05861,-0.10235
10.6,0.27617,-0.19566,0.2124,-0.10163,-0.02675,-0.10051,-0.04004,-0.06017,-0.10363
10.7,0.26772,-0.19426,0.20528,-0.09946,-0.02799,-0.10187,-0.04063,-0.06174,-0.1049
10.8,0.25924,-0.19282,0.19813,-0.09727,-0.02923,-0.10322,-0.04122,-0.06329,-0.10615
10.9,0.25072,-0.19134,0.19097,-0.09504,-0.03045,-0.10456,-0.04181,-0.06484,-0.1074
11,0.24217,-0.18982,0.18379,-0.09279,-0.03166,-0.1059,-0.04239,-0.06639,-0.10864
11.1,0.23357,-0.18826,0.1766,-0.0905,-0.03286,-0.10722,-0.04297,-0.06793,-0.10986
11.2,0.22495,-0.18666,0.16939,-0.08819,-0.03404,-0.10853,-0.04355,-0.06947,-0.11108
11.3,0.21628,-0.18502,0.16217,-0.08585,-0.03522,-0.10984,-0.04412,-0.07099,-0.11229
11.4,0.20759,-0.18333,0.15494,-0.08349,-0.03638,-0.11113,-0.04469,-0.07252,-0.11348
11.5,0.19886,-0.18161,0.14769,-0.08109,-0.03753,-0.11242,-0.04526,-0.07403,-0.11467
11.6,0.19009,-0.17984,0.14044,-0.07868,-0.03867,-0.1137,-0.04583,-0.07555,-0.11585
11.7,0.1813,-0.17803,0.13318,-0.07623,-0.0398,-0.11497,-0.04639,-0.07705,-0.11701
11.8,0.17247,-0.17618,0.12591,-0.07377,-0.04092,-0.11623,-0.04695,-0.07855,-0.11817
11.9,0.16361,-0.17429,0.11863,-0.07128,-0.04202,-0.11748,-0.04751,-0.08005,-0.11932
12,0.15473,-0.17236,0.11135,-0.06877,-0.04312,-0.11873,-0.04807,-0.08154,-0.12045
12.1,0.14581,-0.17039,0.10407,-0.06623,-0.0442,-0.11997,-0.04862,-0.08302,-0.12158
12.2,0.13687,-0.16838,0.09678,-0.06368,-0.04527,-0.1212,-0.04917,-0.0845,-0.1227
12.3,0.12789,-0.16633,0.08949,-0.06111,-0.04633,-0.12242,-0.04972,-0.08597,-0.12381
12.4,0.11889,-0.16423,0.0822,-0.05851,-0.04738,-0.12363,-0.05027,-0.08743,-0.12491
12.5,0.10987,-0.1621,0.07491,-0.0559,-0.04842,-0.12484,-0.05081,-0.08889,-0.126
12.6,0.10082,-0.15992,0.06762,-0.05327,-0.04945,-0.12604,-0.05136,-0.09035,-0.12708
12.7,0.09174,-0.1577,0.06033,-0.05062,-0.05046,-0.12723,-0.0519,-0.0918,-0.12815
12.8,0.08264,-0.15545,0.05305,-0.04796,-0.05147,-0.12841,-0.05244,-0.09324,-0.12922
12.9,0.07352,-0.15315,0.04577,-0.04528,-0.05246,-0.12959,-0.05298,-0.09468,-0.13027
13,0.06437,-0.15081,0.0385,-0.04259,-0.05345,-0.13076,-0.05352,-0.09611,-0.13132
13.1,0.0552,-0.14843,0.03123,-0.03988,-0.05442,-0.13192,-0.05406,-0.09754,-0.13235
13.2,0.04601,-0.14601,0.02397,-0.03716,-0.05538,-0.13308,-0.05459,-0.09896,-0.13338
13.3,0.03681,-0.14355,0.01672,-0.03443,-0.05633,-0.13423,-0.05513,-0.10037,-0.1344
13.4,0.02758,-0.14104,0.00948,-0.03168,-0.05727,-0.13537,-0.05566,-0.10178,-0.1354
13.5,0.01833,-0.1385,0.00226,-0.02893,-0.0582,-0.13651,-0.0562,-0.10318,-0.13641
13.6,0.00907,-0.13592,-0.00496,-0.02616,-0.05912,-0.13764,-0.05673,-0.10458,-0.1374
13.7,-0.00021,-0.1333,-0.01216,-0.02338,-0.06003,-0.13877,-0.05726,-0.10597,-0.13838
13.8,-0.00951,-0.13063,-0.01935,-0.0206,-0.06093,-0.13989,-0.05779,-0.10736,-0.13936
13.9,-0.01882,-0.12793,-0.02653,-0.01781,-0.06182,-0.141,-0.05832,-0.10874,-0.14032
14,-0.02814,-0.12519,-0.03369,-0.01501,-0.06269,-0.14211,-0.05885,-0.11011,-0.14128
14.1,-0.03748,-0.12241,-0.04083,-0.0122,-0.06356,-0.14321,-0.05938,-0.11148,-0.14223
14.2,-0.04683,-0.11958,-0.04795,-0.00939,-0.06442,-0.1443,-0.05991,-0.11285,-0.14317
14.3,-0.0562,-0.11672,-0.05505,-0.00657,-0.06527,-0.14539,-0.06044,-0.11421,-0.1441
14.4,-0.06557,-0.11382,-0.06213,-0.00375,-0.06611,-0.14648,-0.06097,-0.11556,-0.14503
14.5,-0.07496,-0.11088,-0.06919,-0.00093,-0.06694,-0.14756,-0.0615,-0.1169,-0.14595
14.6,-0.08435,-0.1079,-0.07623,0.0019,-0.06776,-0.14863,-0.06203,-0.11825,-0.14686
14.7,-0.09375,-0.10488,-0.08325,0.00473,-0.06857,-0.1497,-0.06256,-0.11958,-0.14776
14.8,-0.10316,-0.10182,-0.09024,0.00755,-0.06937,-0.15077,-0.06309,-0.12091,-0.14865
14.9,-0.11258,-0.09872,-0.0972,0.01038,-0.07016,-0.15183,-0.06362,-0.12224,-0.14954
15,-0.122,-0.09559,-0.10414,0.01321,-0.07094,-0.15289,-0.06415,-0.12356,-0.15042
15.1,-0.13143,-0.09241,-0.11105,0.01604,-0.07172,-0.15394,-0.06468,-0.12487,-0.15129
15.2,-0.14086,-0.0892,-0.11793,0.01886,-0.07248,-0.15499,-0.06522,-0.12618,-0.15215
15.3,-0.15029,-0.08595,-0.12478,0.02169,-0.07324,-0.15603,-0.06575,-0.12748,-0.15301
15.4,-0.15973,-0.08266,-0.13161,0.02451,-0.07399,-0.15707,-0.06629,-0.12878,-0.15386
15.5,-0.16917,-0.07933,-0.1384,0.02732,-0.07473,-0.15811,-0.06682,-0.13007,-0.1547
15.6,-0.17861,-0.07596,-0.14515,0.03013,-0.07546,-0.15914,-0.06736,-0.13136,-0.15554
15.7,-0.18805,-0.07256,-0.15188,0.03293,-0.07618,-0.16017,-0.0679,-0.13264,-0.15637
15.8,-0.19748,-0.06912,-0.15857,0.03573,-0.0769,-0.1612,-0.06843,-0.13391,-0.15719
15.9,-0.20692,-0.06564,-0.16523,0.03851,-0.07761,-0.16222,-0.06898,-0.13518,-0.158
16,-0.21635,-0.06212,-0.17184,0.04129,-0.07831,-0.16324,-0.06952,-0.13645,-0.15881
16.1,-0.22577,-0.05857,-0.17843,0.04407,-0.079,-0.16426,-0.07006,-0.13771,-0.15961
16.2,-0.2352,-0.05498,-0.18497,0.04683,-0.07968,-0.16527,-0.07061,-0.13896,-0.16041
16.3,-0.24461,-0.05135,-0.19147,0.04958,-0.08036,-0.16628,-0.07115,-0.14021,-0.16119
16.4,-0.25402,-0.04769,-0.19794,0.05232,-0.08103,-0.16729,-0.0717,-0.14145,-0.16198
16.5,-0.26342,-0.04399,-0.20436,0.05504,-0.08169,-0.1683,-0.07225,-0.14269,-0.16275
16.6,-0.27282,-0.04026,-0.21074,0.05776,-0.08235,-0.1693,-0.07281,-0.14393,-0.16352
16.7,-0.2822,-0.03649,-0.21708,0.06046,-0.083,-0.1703,-0.07336,-0.14515,-0.16429
16.8,-0.29158,-0.03268,-0.22338,0.06314,-0.08364,-0.1713,-0.07392,-0.14638,-0.16505
16.9,-0.30094,-0.02884,-0.22963,0.06581,-0.08428,-0.1723,-0.07448,-0.1476,-0.1658
17,-0.31029,-0.02496,-0.23584,0.06847,-0.08491,-0.17329,-0.07504,-0.14881,-0.16654
17.1,-0.31962,-0.02105,-0.242,0.0711,-0.08554,-0.17429,-0.07561,-0.15002,-0.16728
17.2,-0.32895,-0.01711,-0.24811,0.07372,-0.08615,-0.17528,-0.07617,-0.15122,-0.16802
17.3,-0.33825,-0.01312,-0.25417,0.07633,-0.08677,-0.17627,-0.07674,-0.15242,-0.16875
17.4,-0.34754,-0.00911,-0.26019,0.07891,-0.08738,-0.17726,-0.07732,-0.15361,-0.16947
17.5,-0.35682,-0.00506,-0.26616,0.08147,-0.08798,-0.17825,-0.07789,-0.1548,-0.17019
17.6,-0.36608,-0.00098,-0.27207,0.08401,-0.08858,-0.17924,-0.07847,-0.15598,-0.17091
17.7,-0.37531,0.00314,-0.27794,0.08654,-0.08917,-0.18023,-0.07905,-0.15716,-0.17162
17.8,-0.38453,0.00729,-0.28375,0.08903,-0.08976,-0.18122,-0.07964,-0.15833,-0.17232
17.9,-0.39373,0.01147,-0.28951,0.09151,-0.09034,-0.1822,-0.08023,-0.1595,-0.17302
18,-0.4029,0.01569,-0.29521,0.09396,-0.09092,-0.18319,-0.08082,-0.16066,-0.17372
18.1,-0.41206,0.01993,-0.30087,0.09639,-0.09149,-0.18418,-0.08141,-0.16182,-0.17441
18.2,-0.42119,0.02421,-0.30646,0.0988,-0.09206,-0.18516,-0.08201,-0.16298,-0.17509
18.3,-0.43029,0.02853,-0.312,0.10118,-0.09263,-0.18615,-0.08262,-0.16413,-0.17577
18.4,-0.43937,0.03287,-0.31749,0.10353,-0.09319,-0.18713,-0.08322,-0.16527,-0.17645
18.5,-0.44842,0.03725,-0.32291,0.10585,-0.09375,-0.18812,-0.08383,-0.16641,-0.17712
18.6,-0.45745,0.04165,-0.32828,0.10815,-0.09431,-0.18911,-0.08444,-0.16755,-0.17779
18.7,-0.46645,0.04609,-0.33359,0.11042,-0.09486,-0.1901,-0.08506,-0.16868,-0.17845
18.8,-0.47542,0.05056,-0.33883,0.11266,-0.09541,-0.19109,-0.08568,-0.16981,-0.17912
18.9,-0.48435,0.05506,-0.34402,0.11487,-0.09596,-0.19208,-0.08631,-0.17093,-0.17977
19,-0.49326,0.05958,-0.34915,0.11704,-0.09651,-0.19307,-0.08694,-0.17205,-0.18043
19.1,-0.50214,0.06414,-0.35421,0.11919,-0.09705,-0.19406,-0.08757,-0.17316,-0.18108
19.2,-0.51098,0.06873,-0.35922,0.12131,-0.09759,-0.19505,-0.08821,-0.17427,-0.18172
19.3,-0.51979,0.07335,-0.36415,0.12339,-0.09813,-0.19605,-0.08886,-0.17537,-0.18236
19.4,-0.52856,0.07799,-0.36903,0.12544,-0.09867,-0.19704,-0.0895,-0.17647,-0.183
19.5,-0.5373,0.08267,-0.37384,0.12745,-0.09921,-0.19804,-0.09016,-0.17757,-0.18364
19.6,-0.546,0.08737,-0.37858,0.12943,-0.09975,-0.19904,-0.09081,-0.17866,-0.18427
19.7,-0.55467,0.0921,-0.38326,0.13137,-0.10028,-0.20004,-0.09147,-0.17975,-0.18491
19.8,-0.56329,0.09685,-0.38787,0.13328,-0.10082,-0.20105,-0.09214,-0.18083,-0.18553
19.9,-0.57188,0.10164,-0.39242,0.13515,-0.10135,-0.20205,-0.09281,-0.18191,-0.18616
20,-0.58043,0.10645,-0.39689,0.13699,-0.10189,-0.20306,-0.09349,-0.18299,-0.18678
20.1,-0.58893,0.11129,-0.4013,0.13878,-0.10242,-0.20408,-0.09417,-0.18406,-0.1874
20.2,-0.59739,0.11615,-0.40564,0.14054,-0.10295,-0.20509,-0.09486,-0.18513,-0.18802
20.3,-0.60581,0.12104,-0.40991,0.14225,-0.10349,-0.20611,-0.09555,-0.18619,-0.18864
20.4,-0.61419,0.12596,-0.41411,0.14393,-0.10402,-0.20713,-0.09625,-0.18725,-0.18925
20.5,-0.62252,0.1309,-0.41823,0.14557,-0.10456,-0.20815,-0.09695,-0.18831,-0.18986
20.6,-0.6308,0.13587,-0.42229,0.14716,-0.1051,-0.20918,-0.09766,-0.18936,-0.19047
20.7,-0.63904,0.14086,-0.42627,0.14871,-0.10564,-0.21021,-0.09837,-0.19041,-0.19108
20.8,-0.64723,0.14587,-0.43018,0.15022,-0.10618,-0.21124,-0.09909,-0.19146,-0.19169
20.9,-0.65537,0.15091,-0.43402,0.15169,-0.10672,-0.21228,-0.09982,-0.1925,-0.19229
21,-0.66346,0.15597,-0.43779,0.15311,-0.10727,-0.21332,-0.10055,-0.19354,-0.19289
21.1,-0.6715,0.16106,-0.44148,0.15449,-0.10781,-0.21437,-0.10128,-0.19457,-0.1935
21.2,-0.67949,0.16617,-0.44509,0.15582,-0.10836,-0.21542,-0.10203,-0.1956,-0.1941
21.3,-0.68743,0.1713,-0.44864,0.1571,-0.10892,-0.21647,-0.10278,-0.19663,-0.1947
21.4,-0.69531,0.17645,-0.4521,0.15834,-0.10947,-0.21753,-0.10353,-0.19765,-0.1953
21.5,-0.70314,0.18163,-0.45549,0.15954,-0.11003,-0.21859,-0.10429,-0.19867,-0.19589
21.6,-0.71092,0.18682,-0.4588,0.16068,-0.11059,-0.21966,-0.10506,-0.19969,-0.19649
21.7,-0.71864,0.19204,-0.46204,0.16178,-0.11116,-0.22073,-0.10583,-0.20071,-0.19709
21.8,-0.7263,0.19728,-0.46519,0.16282,-0.11173,-0.22181,-0.10661,-0.20172,-0.19768
21.9,-0.7339,0.20253,-0.46827,0.16382,-0.11231,-0.22289,-0.1074,-0.20272,-0.19828
22,-0.74145,0.20781,-0.47128,0.16477,-0.11289,-0.22398,-0.10819,-0.20373,-0.19887
22.1,-0.74894,0.21311,-0.4742,0.16567,-0.11347,-0.22507,-0.10899,-0.20473,-0.19947
22.2,-0.75636,0.21843,-0.47704,0.16651,-0.11406,-0.22617,-0.1098,-0.20573,-0.20006
22.3,-0.76373,0.22376,-0.47981,0.16731,-0.11466,-0.22727,-0.11061,-0.20673,-0.20066
22.4,-0.77103,0.22912,-0.48249,0.16805,-0.11526,-0.22838,-0.11143,-0.20772,-0.20126
22.5,-0.77827,0.23449,-0.4851,0.16874,-0.11587,-0.22949,-0.11226,-0.20871,-0.20185
22.6,-0.78545,0.23988,-0.48762,0.16938,-0.11648,-0.23061,-0.11309,-0.2097,-0.20245
22.7,-0.79256,0.24528,-0.49006,0.16996,-0.1171,-0.23174,-0.11393,-0.21068,-0.20304
22.8,-0.79961,0.25071,-0.49242,0.17049,-0.11772,-0.23287,-0.11478,-0.21166,-0.20364
22.9,-0.80659,0.25615,-0.4947,0.17096,-0.11836,-0.23401,-0.11563,-0.21264,-0.20424
23,-0.8135,0.2616,-0.4969,0.17138,-0.119,-0.23516,-0.1165,-0.21362,-0.20484
23.1,-0.82034,0.26707,-0.49902,0.17174,-0.11965,-0.23631,-0.11737,-0.21459,-0.20544
23.2,-0.82712,0.27256,-0.50105,0.17204,-0.1203,-0.23747,-0.11824,-0.21556,-0.20604
23.3,-0.83383,0.27806,-0.503,0.17229,-0.12097,-0.23863,-0.11912,-0.21653,-0.20664
23.4,-0.84046,0.28358,-0.50487,0.17248,-0.12164,-0.23981,-0.12002,-0.2175,-0.20725
23.5,-0.84703,0.28911,-0.50665,0.17261,-0.12232,-0.24098,-0.12091,-0.21847,-0.20785
23.6,-0.85352,0.29465,-0.50835,0.17269,-0.12301,-0.24217,-0.12182,-0.21943,-0.20846
23.7,-0.85994,0.30021,-0.50997,0.1727,-0.12371,-0.24337,-0.12273,-0.22039,-0.20906
23.8,-0.86628,0.30578,-0.5115,0.17266,-0.12441,-0.24457,-0.12365,-0.22135,-0.20967
23.9,-0.87256,0.31136,-0.51295,0.17255,-0.12513,-0.24578,-0.12458,-0.2223,-0.21029
24,-0.87875,0.31695,-0.51431,0.17239,-0.12586,-0.24699,-0.12552,-0.22326,-0.2109
24.1,-0.88487,0.32256,-0.51559,0.17216,-0.1266,-0.24822,-0.12646,-0.22421,-0.21152
24.2,-0.89091,0.32818,-0.51679,0.17188,-0.12735,-0.24945,-0.12741,-0.22516,-0.21214
24.3,-0.89688,0.3338,-0.5179,0.17153,-0.1281,-0.25069,-0.12837,-0.22611,-0.21276
24.4,-0.90277,0.33944,-0.51892,0.17112,-0.12887,-0.25194,-0.12934,-0.22705,-0.21338
24.5,-0.90857,0.34509,-0.51986,0.17065,-0.12965,-0.25319,-0.13032,-0.228,-0.214
24.6,-0.9143,0.35075,-0.52072,0.17011,-0.13045,-0.25446,-0.1313,-0.22894,-0.21463
24.7,-0.91995,0.35641,-0.52149,0.16951,-0.13125,-0.25573,-0.13229,-0.22988,-0.21526
24.8,-0.92551,0.36209,-0.52217,0.16885,-0.13207,-0.25701,-0.13329,-0.23082,-0.2159
24.9,-0.931,0.36777,-0.52277,0.16812,-0.1329,-0.2583,-0.1343,-0.23176,-0.21653
25,-0.9364,0.37346,-0.52328,0.16733,-0.13374,-0.2596,-0.13531,-0.2327,-0.21717
25.1,-0.94171,0.37916,-0.52371,0.16648,-0.13459,-0.26091,-0.13634,-0.23363,-0.21782
25.2,-0.94694,0.38487,-0.52405,0.16556,-0.13546,-0.26222,-0.13737,-0.23457,-0.21846
25.3,-0.95209,0.39058,-0.5243,0.16457,-0.13634,-0.26355,-0.13841,-0.2355,-0.21912
25.4,-0.95715,0.3963,-0.52447,0.16352,-0.13724,-0.26488,-0.13946,-0.23643,-0.21977
25.5,-0.96212,0.40202,-0.52455,0.1624,-0.13814,-0.26623,-0.14051,-0.23736,-0.22043
25.6,-0.96701,0.40775,-0.52455,0.16121,-0.13907,-0.26758,-0.14158,-0.23829,-0.22109
25.7,-0.97181,0.41349,-0.52446,0.15996,-0.14,-0.26894,-0.14265,-0.23922,-0.22175
25.8,-0.97652,0.41922,-0.52429,0.15864,-0.14096,-0.27031,-0.14374,-0.24015,-0.22242
25.9,-0.98114,0.42497,-0.52403,0.15725,-0.14192,-0.2717,-0.14483,-0.24108,-0.22309
26,-0.98567,0.43071,-0.52368,0.1558,-0.14291,-0.27309,-0.14593,-0.242,-0.22377
26.1,-0.99011,0.43646,-0.52325,0.15427,-0.1439,-0.27449,-0.14703,-0.24293,-0.22445
26.2,-0.99446,0.44222,-0.52273,0.15268,-0.14492,-0.2759,-0.14815,-0.24385,-0.22514
26.3,-0.99872,0.44797,-0.52213,0.15102,-0.14595,-0.27732,-0.14928,-0.24477,-0.22583
26.4,-1.00288,0.45373,-0.52144,0.14929,-0.147,-0.27875,-0.15041,-0.2457,-0.22653
26.5,-1.00695,0.45948,-0.52066,0.14749,-0.14806,-0.28019,-0.15155,-0.24662,-0.22723
26.6,-1.01093,0.46524,-0.5198,0.14562,-0.14914,-0.28165,-0.1527,-0.24754,-0.22793
26.7,-1.01481,0.471,-0.51886,0.14368,-0.15024,-0.28311,-0.15386,-0.24846,-0.22864
26.8,-1.0186,0.47676,-0.51783,0.14167,-0.15135,-0.28458,-0.15503,-0.24938,-0.22936
26.9,-1.02229,0.48252,-0.51671,0.13959,-0.15249,-0.28606,-0.15621,-0.2503,-0.23007
27,-1.02588,0.48828,-0.51551,0.13744,-0.15364,-0.28756,-0.1574,-0.25122,-0.2308
27.1,-1.02938,0.49404,-0.51422,0.13522,-0.15481,-0.28906,-0.15859,-0.25214,-0.23153
27.2,-1.03278,0.49979,-0.51285,0.13293,-0.156,-0.29058,-0.1598,-0.25306,-0.23227
27.3,-1.03608,0.50555,-0.5114,0.13056,-0.15721,-0.29211,-0.16101,-0.25398,-0.23301
27.4,-1.03928,0.5113,-0.50986,0.12813,-0.15843,-0.29364,-0.16223,-0.2549,-0.23376
27.5,-1.04239,0.51705,-0.50824,0.12562,-0.15968,-0.29519,-0.16346,-0.25582,-0.23451
27.6,-1.04539,0.52279,-0.50653,0.12304,-0.16094,-0.29675,-0.1647,-0.25674,-0.23527
27.7,-1.0483,0.52853,-0.50474,0.12039,-0.16223,-0.29832,-0.16595,-0.25766,-0.23603
27.8,-1.0511,0.53427,-0.50287,0.11767,-0.16354,-0.2999,-0.16721,-0.25858,-0.2368
27.9,-1.0538,0.54,-0.50092,0.11487,-0.16486,-0.3015,-0.16848,-0.2595,-0.23758
28,-1.0564,0.54573,-0.49888,0.112,-0.16621,-0.3031,-0.16975,-0.26043,-0.23836
28.1,-1.05889,0.55145,-0.49676,0.10906,-0.16758,-0.30472,-0.17104,-0.26135,-0.23915
28.2,-1.06129,0.55717,-0.49455,0.10605,-0.16897,-0.30635,-0.17233,-0.26227,-0.23995
28.3,-1.06358,0.56288,-0.49227,0.10296,-0.17038,-0.30799,-0.17364,-0.26319,-0.24075
28.4,-1.06576,0.56858,-0.4899,0.0998,-0.17181,-0.30964,-0.17495,-0.26411,-0.24156
28.5,-1.06785,0.57428,-0.48746,0.09657,-0.17327,-0.3113,-0.17627,-0.26504,-0.24237
28.6,-1.06982,0.57997,-0.48493,0.09326,-0.17475,-0.31298,-0.1776,-0.26596,-0.2432
28.7,-1.07169,0.58565,-0.48232,0.08988,-0.17625,-0.31466,-0.17894,-0.26689,-0.24403
28.8,-1.07346,0.59132,-0.47963,0.08643,-0.17777,-0.31636,-0.18029,-0.26781,-0.24486
28.9,-1.07512,0.59699,-0.47686,0.0829,-0.17932,-0.31807,-0.18164,-0.26874,-0.2457
29,-1.07667,0.60264,-0.47401,0.0793,-0.18089,-0.3198,-0.18301,-0.26967,-0.24656
29.1,-1.07811,0.60829,-0.47109,0.07562,-0.18248,-0.32153,-0.18439,-0.27059,-0.24741
29.2,-1.07945,0.61392,-0.46808,0.07187,-0.1841,-0.32328,-0.18577,-0.27152,-0.24828
29.3,-1.08068,0.61955,-0.465,0.06805,-0.18574,-0.32504,-0.18717,-0.27245,-0.24915
29.4,-1.0818,0.62516,-0.46184,0.06415,-0.18741,-0.32681,-0.18857,-0.27339,-0.25003
29.5,-1.08281,0.63076,-0.4586,0.06018,-0.1891,-0.3286,-0.18998,-0.27432,-0.25092
29.6,-1.08372,0.63635,-0.45528,0.05614,-0.19082,-0.33039,-0.1914,-0.27525,-0.25181
29.7,-1.08451,0.64193,-0.45189,0.05202,-0.19256,-0.3322,-0.19283,-0.27619,-0.25271
29.8,-1.08519,0.6475,-0.44842,0.04783,-0.19432,-0.33402,-0.19427,-0.27713,-0.25363
29.9,-1.08577,0.65305,-0.44488,0.04356,-0.19612,-0.33586,-0.19572,-0.27806,-0.25454
30,-1.08623,0.65859,-0.44126,0.03922,-0.19794,-0.33771,-0.19718,-0.279,-0.25547
30.1,-1.08658,0.66412,-0.43756,0.0348,-0.19978,-0.33957,-0.19865,-0.27995,-0.2564
30.2,-1.08682,0.66963,-0.4338,0.03031,-0.20165,-0.34144,-0.20012,-0.28089,-0.25735
30.3,-1.08695,0.67513,-0.42996,0.02575,-0.20355,-0.34333,-0.20161,-0.28183,-0.2583
30.4,-1.08696,0.68061,-0.42604,0.02111,-0.20547,-0.34522,-0.2031,-0.28278,-0.25926
30.5,-1.08687,0.68608,-0.42205,0.0164,-0.20743,-0.34713,-0.20461,-0.28373,-0.26022
30.6,-1.08666,0.69153,-0.418,0.01161,-0.20941,-0.34906,-0.20612,-0.28468,-0.2612
30.7,-1.08634,0.69696,-0.41387,0.00675,-0.21141,-0.351,-0.20764,-0.28563,-0.26218
30.8,-1.0859,0.70238,-0.40967,0.00182,-0.21345,-0.35295,-0.20917,-0.28659,-0.26318
30.9,-1.08535,0.70778,-0.4054,-0.00319,-0.21551,-0.35491,-0.21071,-0.28754,-0.26418
31,-1.08469,0.71317,-0.40106,-0.00827,-0.2176,-0.35689,-0.21226,-0.2885,-0.26519
31.1,-1.08391,0.71853,-0.39665,-0.01342,-0.21973,-0.35887,-0.21381,-0.28946,-0.26621
31.2,-1.08302,0.72388,-0.39217,-0.01865,-0.22187,-0.36088,-0.21538,-0.29042,-0.26724
31.3,-1.08202,0.72921,-0.38762,-0.02395,-0.22405,-0.36289,-0.21696,-0.29139,-0.26827
31.4,-1.0809,0.73452,-0.38301,-0.02932,-0.22626,-0.36492,-0.21854,-0.29235,-0.26932
31.5,-1.07967,0.73981,-0.37833,-0.03477,-0.2285,-0.36696,-0.22013,-0.29332,-0.27037
31.6,-1.07832,0.74509,-0.37359,-0.04029,-0.23076,-0.36902,-0.22173,-0.2943,-0.27144
31.7,-1.07685,0.75034,-0.36878,-0.04588,-0.23306,-0.37109,-0.22335,-0.29527,-0.27251
31.8,-1.07527,0.75557,-0.3639,-0.05155,-0.23539,-0.37317,-0.22497,-0.29625,-0.27359
31.9,-1.07358,0.76078,-0.35896,-0.05729,-0.23775,-0.37526,-0.22659,-0.29723,-0.27468
32,-1.07177,0.76597,-0.35396,-0.0631,-0.24013,-0.37737,-0.22823,-0.29821,-0.27578
32.1,-1.06984,0.77114,-0.3489,-0.06898,-0.24255,-0.37949,-0.22988,-0.29919,-0.27689
32.2,-1.0678,0.77629,-0.34377,-0.07494,-0.245,-0.38163,-0.23153,-0.30018,-0.27801
32.3,-1.06564,0.78141,-0.33858,-0.08096,-0.24749,-0.38377,-0.2332,-0.30117,-0.27914
32.4,-1.06336,0.78651,-0.33334,-0.08706,-0.25,-0.38593,-0.23487,-0.30216,-0.28028
32.5,-1.06097,0.79159,-0.32803,-0.09323,-0.25254,-0.38811,-0.23655,-0.30316,-0.28143
32.6,-1.05846,0.79665,-0.32266,-0.09947,-0.25512,-0.3903,-0.23824,-0.30416,-0.28259
32.7,-1.05584,0.80168,-0.31724,-0.10578,-0.25773,-0.3925,-0.23994,-0.30516,-0.28376
32.8,-1.0531,0.80669,-0.31176,-0.11217,-0.26037,-0.39471,-0.24164,-0.30617,-0.28494
32.9,-1.05024,0.81167,-0.30622,-0.11862,-0.26304,-0.39694,-0.24336,-0.30717,-0.28612
33,-1.04726,0.81663,-0.30062,-0.12514,-0.26575,-0.39918,-0.24508,-0.30819,-0.28732
33.1,-1.04417,0.82156,-0.29497,-0.13174,-0.26849,-0.40144,-0.24681,-0.3092,-0.28853
33.2,-1.04096,0.82647,-0.28927,-0.1384,-0.27126,-0.40371,-0.24855,-0.31022,-0.28975
33.3,-1.03763,0.83136,-0.28351,-0.14513,-0.27407,-0.40599,-0.2503,-0.31124,-0.29097
33.4,-1.03419,0.83621,-0.2777,-0.15193,-0.27691,-0.40828,-0.25206,-0.31226,-0.29221
33.5,-1.03063,0.84104,-0.27184,-0.1588,-0.27978,-0.41059,-0.25382,-0.31329,-0.29346
33.6,-1.02696,0.84585,-0.26593,-0.16574,-0.28269,-0.41292,-0.2556,-0.31432,-0.29472
33.7,-1.02316,0.85062,-0.25997,-0.17275,-0.28563,-0.41525,-0.25738,-0.31536,-0.29599
33.8,-1.01925,0.85537,-0.25395,-0.17983,-0.2886,-0.4176,-0.25917,-0.31639,-0.29726
33.9,-1.01522,0.8601,-0.24789,-0.18697,-0.29161,-0.41996,-0.26097,-0.31743,-0.29855
34,-1.01108,0.86479,-0.24178,-0.19418,-0.29466,-0.42234,-0.26277,-0.31848,-0.29985
34.1,-1.00682,0.86946,-0.23563,-0.20146,-0.29774,-0.42473,-0.26459,-0.31953,-0.30116
34.2,-1.00244,0.87409,-0.22943,-0.20881,-0.30085,-0.42713,-0.26641,-0.32058,-0.30248
34.3,-0.99794,0.8787,-0.22318,-0.21622,-0.304,-0.42954,-0.26824,-0.32164,-0.30381
34.4,-0.99333,0.88328,-0.21689,-0.2237,-0.30719,-0.43197,-0.27008,-0.3227,-0.30515
34.5,-0.9886,0.88783,-0.21055,-0.23124,-0.31041,-0.43442,-0.27193,-0.32376,-0.30651
34.6,-0.98376,0.89235,-0.20418,-0.23885,-0.31366,-0.43687,-0.27378,-0.32483,-0.30787
34.7,-0.9788,0.89684,-0.19776,-0.24652,-0.31695,-0.43934,-0.27564,-0.3259,-0.30924
34.8,-0.97372,0.9013,-0.1913,-0.25426,-0.32028,-0.44182,-0.27751,-0.32698,-0.31062
34.9,-0.96853,0.90573,-0.1848,-0.26206,-0.32365,-0.44432,-0.27939,-0.32806,-0.31202
35,-0.96322,0.91012,-0.17827,-0.26993,-0.32705,-0.44683,-0.28127,-0.32914,-0.31342
35.1,-0.95779,0.91449,-0.17169,-0.27786,-0.33048,-0.44935,-0.28317,-0.33023,-0.31484
35.2,-0.95225,0.91882,-0.16508,-0.28585,-0.33396,-0.45188,-0.28506,-0.33132,-0.31626
35.3,-0.94659,0.92313,-0.15843,-0.29391,-0.33747,-0.45443,-0.28697,-0.33242,-0.3177
35.4,-0.94082,0.9274,-0.15175,-0.30203,-0.34101,-0.45699,-0.28889,-0.33352,-0.31915
35.5,-0.93493,0.93164,-0.14503,-0.31021,-0.3446,-0.45956,-0.29081,-0.33462,-0.32061
35.6,-0.92893,0.93584,-0.13828,-0.31845,-0.34822,-0.46215,-0.29274,-0.33573,-0.32208
35.7,-0.92281,0.94002,-0.1315,-0.32675,-0.35188,-0.46475,-0.29467,-0.33685,-0.32356
35.8,-0.91658,0.94416,-0.12468,-0.33511,-0.35557,-0.46736,-0.29662,-0.33796,-0.32505
35.9,-0.91024,0.94826,-0.11784,-0.34354,-0.3593,-0.46999,-0.29857,-0.33909,-0.32655
36,-0.90378,0.95234,-0.11097,-0.35202,-0.36308,-0.47263,-0.30053,-0.34021,-0.32806
36.1,-0.8972,0.95638,-0.10406,-0.36056,-0.36688,-0.47528,-0.30249,-0.34135,-0.32959
36.2,-0.89051,0.96038,-0.09714,-0.36916,-0.37073,-0.47794,-0.30446,-0.34248,-0.33112
36.3,-0.88371,0.96435,-0.09018,-0.37782,-0.37462,-0.48062,-0.30644,-0.34362,-0.33267
36.4,-0.8768,0.96829,-0.0832,-0.38654,-0.37854,-0.48331,-0.30843,-0.34477,-0.33422
36.5,-0.86977,0.97219,-0.0762,-0.39531,-0.3825,-0.48601,-0.31042,-0.34592,-0.33579
36.6,-0.86263,0.97606,-0.06917,-0.40414,-0.3865,-0.48873,-0.31242,-0.34707,-0.33737
36.7,-0.85538,0.97989,-0.06212,-0.41303,-0.39054,-0.49145,-0.31442,-0.34823,-0.33896
36.8,-0.84801,0.98368,-0.05505,-0.42197,-0.39462,-0.49419,-0.31643,-0.34939,-0.34056
36.9,-0.84054,0.98744,-0.04795,-0.43096,-0.39873,-0.49694,-0.31845,-0.35056,-0.34217
37,-0.83295,0.99117,-0.04084,-0.44002,-0.40289,-0.49971,-0.32047,-0.35174,-0.34379
37.1,-0.82525,0.99486,-0.03372,-0.44912,-0.40708,-0.50249,-0.32251,-0.35291,-0.34542
37.2,-0.81744,0.99851,-0.02657,-0.45828,-0.41132,-0.50527,-0.32454,-0.3541,-0.34707
37.3,-0.80952,1.00213,-0.01941,-0.46749,-0.41559,-0.50808,-0.32659,-0.35529,-0.34872
37.4,-0.80149,1.0057,-0.01223,-0.47676,-0.4199,-0.51089,-0.32864,-0.35648,-0.35039
37.5,-0.79335,1.00925,-0.00504,-0.48608,-0.42425,-0.51371,-0.33069,-0.35768,-0.35206
37.6,-0.78511,1.01275,0.00216,-0.49545,-0.42864,-0.51655,-0.33275,-0.35888,-0.35375
37.7,-0.77675,1.01622,0.00938,-0.50486,-0.43307,-0.5194,-0.33482,-0.36009,-0.35545
37.8,-0.76828,1.01965,0.0166,-0.51433,-0.43754,-0.52226,-0.33689,-0.3613,-0.35716
37.9,-0.75971,1.02304,0.02384,-0.52385,-0.44205,-0.52514,-0.33897,-0.36252,-0.35888
38,-0.75103,1.0264,0.03108,-0.53342,-0.4466,-0.52802,-0.34106,-0.36374,-0.36061
38.1,-0.74224,1.02971,0.03834,-0.54304,-0.45119,-0.53092,-0.34315,-0.36497,-0.36236
38.2,-0.73334,1.03299,0.0456,-0.5527,-0.45582,-0.53383,-0.34524,-0.3662,-0.36411
38.3,-0.72434,1.03623,0.05286,-0.56242,-0.46049,-0.53675,-0.34734,-0.36744,-0.36587
38.4,-0.71524,1.03944,0.06013,-0.57218,-0.4652,-0.53968,-0.34945,-0.36869,-0.36765
38.5,-0.70602,1.0426,0.0674,-0.58198,-0.46995,-0.54262,-0.35156,-0.36994,-0.36944
38.6,-0.6967,1.04573,0.07467,-0.59183,-0.47474,-0.54557,-0.35368,-0.37119,-0.37123
38.7,-0.68728,1.04881,0.08195,-0.60173,-0.47957,-0.54854,-0.3558,-0.37245,-0.37304
38.8,-0.67776,1.05186,0.08922,-0.61167,-0.48444,-0.55152,-0.35793,-0.37372,-0.37486
38.9,-0.66813,1.05487,0.09649,-0.62165,-0.48935,-0.5545,-0.36006,-0.37499,-0.37669
39,-0.65839,1.05784,0.10376,-0.63168,-0.4943,-0.5575,-0.3622,-0.37626,-0.37853
39.1,-0.64856,1.06077,0.11103,-0.64175,-0.49929,-0.56051,-0.36434,-0.37754,-0.38038
39.2,-0.63862,1.06366,0.1183,-0.65186,-0.50432,-0.56353,-0.36649,-0.37883,-0.38224
39.3,-0.62858,1.06651,0.12555,-0.66201,-0.5094,-0.56656,-0.36864,-0.38012,-0.38412
39.4,-0.61844,1.06932,0.1328,-0.6722,-0.51451,-0.56961,-0.37079,-0.38142,-0.386
39.5,-0.6082,1.07209,0.14005,-0.68244,-0.51966,-0.57266,-0.37295,-0.38272,-0.38789
39.6,-0.59786,1.07482,0.14728,-0.69271,-0.52486,-0.57572,-0.37512,-0.38403,-0.3898
39.7,-0.58742,1.07751,0.15451,-0.70302,-0.53009,-0.5788,-0.37729,-0.38534,-0.39171
39.8,-0.57688,1.08016,0.16172,-0.71337,-0.53537,-0.58188,-0.37946,-0.38666,-0.39364
39.9,-0.56625,1.08277,0.16892,-0.72375,-0.54069,-0.58497,-0.38164,-0.38799,-0.39558
40,-0.55551,1.08535,0.17611,-0.73417,-0.54604,-0.58808,-0.38382,-0.38932,-0.39752
